{
  "BASELINE_20feat": {
    "within": 0.91311953012974,
    "across": 0.7671760102433709,
    "gap": 0.1459435198863691,
    "eer": 0.36666666666666664,
    "eer_threshold": 0.9999990260549432,
    "clusters_found": 17,
    "clusters_true": 6,
    "purity": 0.5666666666666667,
    "n_utts": 60,
    "latency_ms": 2.1235027835549163,
    "dim": 20,
    "size_mb": 0.0
  },
  "3dspeaker_speech_campplus_sv_en_voxceleb_16k": {
    "within": 0.6646108566263884,
    "across": 0.4352425680602112,
    "gap": 0.2293682885661772,
    "eer": 0.3519259259259259,
    "eer_threshold": 0.6465895310402245,
    "clusters_found": 10,
    "clusters_true": 6,
    "purity": 0.48333333333333334,
    "n_utts": 60,
    "latency_ms": 145.0860666673786,
    "dim": 512,
    "size_mb": 29.6
  },
  "3dspeaker_speech_eres2net_sv_en_voxceleb_16k": {
    "within": 0.8243115413762675,
    "across": 0.09445154232546853,
    "gap": 0.729859999050799,
    "eer": 0.0,
    "eer_threshold": 0.4815891339582973,
    "clusters_found": 6,
    "clusters_true": 6,
    "purity": 1.0,
    "n_utts": 60,
    "latency_ms": 403.9455187497272,
    "dim": 192,
    "size_mb": 26.5
  },
  "nemo_en_speakerverification_speakernet": {
    "within": 0.806472644303145,
    "across": 0.20182086390908818,
    "gap": 0.6046517803940569,
    "eer": 0.007370370370370371,
    "eer_threshold": 0.569756878144553,
    "clusters_found": 6,
    "clusters_true": 6,
    "purity": 1.0,
    "n_utts": 60,
    "latency_ms": 75.85454096648996,
    "dim": 256,
    "size_mb": 23.4
  },
  "nemo_en_titanet_small": {
    "within": 0.8501571115332663,
    "across": 0.06567549603103427,
    "gap": 0.784481615502232,
    "eer": 0.0,
    "eer_threshold": 0.6264457767437956,
    "clusters_found": 6,
    "clusters_true": 6,
    "purity": 1.0,
    "n_utts": 60,
    "latency_ms": 107.7579360998546,
    "dim": 192,
    "size_mb": 40.3
  },
  "wespeaker_en_voxceleb_CAM++_LM": {
    "within": 0.5526566335591017,
    "across": 0.46157466374501244,
    "gap": 0.09108196981408923,
    "eer": 0.4112222222222222,
    "eer_threshold": 0.4958268240974609,
    "clusters_found": 5,
    "clusters_true": 6,
    "purity": 0.38333333333333336,
    "n_utts": 60,
    "latency_ms": 145.18668541665343,
    "dim": 512,
    "size_mb": 29.3
  },
  "wespeaker_en_voxceleb_resnet34_LM": {
    "within": 0.8566776131643355,
    "across": 0.5036252779106498,
    "gap": 0.35305233525368573,
    "eer": 0.04455555555555556,
    "eer_threshold": 0.6702752880630475,
    "clusters_found": 6,
    "clusters_true": 6,
    "purity": 1.0,
    "n_utts": 60,
    "latency_ms": 492.1185826329747,
    "dim": 256,
    "size_mb": 26.5
  }
}