{
 "description": "merge edge cases: self, missing, real",
 "dim": 192,
 "threshold": 0.45,
 "reclusterThreshold": 0.65,
 "steps": [
  {
   "op": "identify",
   "emb": [
    -0.07982001877762315,
    0.07077716257318657,
    -0.02342919290314767,
    -0.11811373235941625,
    0.10273400751541666,
    -0.008722195839177434,
    0.004087981547325257,
    -0.02751821004894175,
    -0.027686415929133526,
    0.034632623143940965,
    -0.08131169220573768,
    -0.03373841679241272,
    0.02525785215771164,
    0.12177372542882965,
    -0.10718543606309394,
    -0.08098728937078671,
    -0.0015303217707877117,
    -0.09697641966487779,
    0.10497537832334715,
    -0.029932919906229385,
    -0.10349280072233377,
    0.05713942314744262,
    -0.07892279034422582,
    0.01719772068264481,
    -0.024854077603427508,
    0.008455761353515454,
    -0.08378241334835279,
    -0.020511389769968993,
    0.02239663553521991,
    0.014040158066341787,
    -0.12963057130223135,
    0.012873842858998502,
    -0.03030212481185031,
    0.12060636174222662,
    0.14121819734726557,
    -0.061200522163297605,
    -0.021011952138818426,
    -0.05543094222191555,
    0.08173865737421568,
    -0.10471473921498645,
    0.030843507147450218,
    -0.08026493171421538,
    -0.06371662778852888,
    -0.01988337729653106,
    0.04544410444979154,
    -0.024218484988096083,
    -0.005113582102188455,
    0.08723629930973233,
    0.07096970456581739,
    -0.027364183455086948,
    -0.14704540307065897,
    0.09086685688352997,
    -0.039178077165724357,
    0.07613049748585818,
    0.051075637793811454,
    -0.02689400222314153,
    -0.09373813802094455,
    -0.06208225195800468,
    0.003995442486850101,
    0.0331523164540379,
    0.12230864260396697,
    0.028302181077438822,
    -0.05938213884906925,
    0.056542283967275765,
    -0.07869990641486535,
    0.08297117297457178,
    -0.01622941249524269,
    0.0051078255448628205,
    -0.11709319079603055,
    0.02799882875010442,
    0.06309263284751937,
    -0.03642490868820977,
    -0.07186798824124498,
    0.1282076502604726,
    -0.060267303587292986,
    -0.06482264032017349,
    -0.13173627962081125,
    0.10916169498699134,
    0.05326764769568682,
    0.06071159181985611,
    0.0866488899360883,
    -0.07922297412682094,
    -0.08621197682307807,
    0.004269718403135317,
    0.07894233353372132,
    0.11246774984449291,
    0.04660719528262923,
    0.096191326471318,
    0.13890157121938604,
    -0.05909592981127466,
    -0.12157238345122966,
    -0.047663079322065253,
    0.022004361448965983,
    0.02882810898305201,
    -0.12649797613021996,
    0.026803107773531433,
    0.11195614923990065,
    0.007050573092775144,
    0.0061890057514415765,
    -0.12741970052350637,
    -0.00276282415467776,
    0.07433565056958728,
    -0.06081522515751161,
    0.0922829234186291,
    0.08261400523291268,
    0.025878223096001685,
    -0.04777583064018235,
    -0.037510865347907145,
    0.1375779305414529,
    0.05357397925021729,
    0.03643604598972529,
    -0.02399184423678932,
    0.028570260456310104,
    -0.05163636524560197,
    0.027510540288422623,
    -0.032193014700996524,
    0.059202294983751645,
    0.017203981211017804,
    0.00450309365989523,
    0.05500627790314111,
    -0.0652881734364177,
    0.06854934904713497,
    0.098648694104406,
    0.06583175105056345,
    -0.012556104968977192,
    0.024997550624690366,
    -0.028583045298337918,
    0.0019502459698334629,
    -0.08491711993295907,
    0.07491853873200427,
    -0.0952977609245386,
    -0.09648105940195208,
    0.1148313524538731,
    -0.09626102126794629,
    0.062306364073541225,
    0.06407012749825787,
    0.08242350102126017,
    0.01634394287206159,
    0.034956289886841914,
    -0.009761919293769423,
    -0.07341233520915148,
    0.08407068742992661,
    -0.1284934120836233,
    0.11853592730874275,
    0.08805175892414077,
    -0.031499292151743685,
    0.13073991402720997,
    -0.03551436298853936,
    0.04084054113152359,
    -0.014584142067598683,
    -0.05903745550098816,
    -0.006177045320938816,
    -0.01507266320443136,
    0.061060871589034255,
    0.12181073904110072,
    -0.02099158063227397,
    -0.028929480660209894,
    -0.030164757454667294,
    0.035512582346294924,
    0.003973859994120126,
    0.06566310319986254,
    -0.13385432165120342,
    0.10842985071506184,
    -0.12385474075229598,
    0.10882860860764323,
    -0.025027054391064212,
    -0.04756665370833098,
    0.11653021926904902,
    -0.03795813973486231,
    0.01939560776609293,
    -0.12612661995813726,
    -0.08133028590552999,
    -0.011953252144828348,
    -0.004583858039554152,
    0.10349630629041569,
    -0.029493490584796507,
    -0.0169191422972835,
    -0.03598157955097521,
    0.008000606788678066,
    0.11170939902689699,
    -0.008736781978414187,
    0.07664370243116897,
    -0.026028008913155525,
    -0.033032854565840535,
    -0.08603925223307302,
    0.06482747392280873,
    -0.11905763284897311,
    0.05411967291545553,
    -0.06086283343109846,
    -0.07981706507347902,
    0.0354010448341421,
    -0.1318130438513349
   ]
  },
  {
   "op": "identify",